iso3_country,geometry_ref,combined_emissions,res_emissions,nonres_emissions,res_share,priority_score,priority_rank_global,priority_score_country,priority_rank_country,latest_end_time
IRN,ghs-fua_4686,139363759.7324,127179297.3102,12184462.422199996,0.9125707971312196,23.394662653498596,1,1.2475424782787317,1,2025-07-31T00:00:00
JPN,ghs-fua_5129,141611909.91039997,127323889.97419998,14288019.9362,0.8991043906883238,23.262979456619334,2,1.2394626344129942,1,2025-07-31T00:00:00
IRN,gadm_IRN.7.16_1,52548049.841000006,51822085.06300001,725964.7780000002,0.9861847436737116,22.96305186749885,3,1.1839448297730157,2,2025-07-31T00:00:00
IRN,gadm_IRN.28.8_1,69023907.88280001,63773609.52040002,5250298.3624,0.9239350752015548,22.641171090402693,4,1.1789727596841655,3,2025-07-31T00:00:00
IRN,gadm_IRN.24.9_1,50608686.8728,47696467.3942,2912219.478600001,0.9424561343407392,22.449039698480945,5,1.155826103651729,4,2025-07-31T00:00:00
USA,ghs-fua_7244,164743159.5435999,131740580.2997999,33002579.2438,0.7996725367218313,22.321762552138612,6,1.1798035220330987,1,2025-07-31T00:00:00
CHN,gadm_CHN.3.1_1,66350078.3466,59628441.259399995,6721637.087200001,0.8986943609608498,22.31885574583063,7,1.2392166165765097,1,2025-07-31T00:00:00
ARG,ghs-fua_4215,44452266.83659999,41986084.09919999,2466182.7374000004,0.9445206529856998,22.306712164941583,8,1.2667123917914198,1,2025-07-31T00:00:00
KOR,ghs-fua_94,118406625.42900002,97679616.96520002,20727008.4638,0.8249506023104383,22.21406314712602,9,1.1949703613862628,1,2025-07-31T00:00:00
IRN,ghs-fua_6030,38305602.972200006,36378621.03340001,1926981.9388,0.9496945149199584,22.172405122241592,10,1.1295404004243725,5,2025-07-31T00:00:00
JPN,ghs-fua_3956,66615274.7986,57323404.237799995,9291870.5608,0.860514415216444,21.911124624887925,11,1.1674351645780858,2,2025-07-31T00:00:00
CHN,gadm_CHN.2.1_1,51498375.53140001,45359284.05500001,6139091.476400001,0.8807905800318532,21.81409373996664,12,1.2014944730304649,2,2025-07-31T00:00:00
CHN,gadm_CHN.10.1_1,25827040.140199997,24734992.5888,1092047.5514,0.9577168910772622,21.754026607142823,13,1.1703952739646615,7,2025-07-31T00:00:00
KAZ,ghs-fua_2583,27650999.624600008,26103028.039800007,1547971.5847999996,0.9440175181434368,21.7001625272137,14,1.266410510886062,1,2025-07-31T00:00:00
CHN,gadm_CHN.12.8_1,24412699.52220001,23250629.99800001,1162069.5242,0.952398974839171,21.627964687510246,15,1.161259286547823,8,2025-07-31T00:00:00
CHN,gadm_CHN.11.3_1,33695332.813599996,30735428.281,2959904.5326,0.9121568393767184,21.619186454163405,16,1.1740438063787464,6,2025-07-31T00:00:00
FJI,gadm_FJI.3.2_1,20549481.2168,19948961.543,600519.6737999998,0.9707768937101414,21.594608922781205,17,1.2824661362260847,1,2025-07-31T00:00:00
ITA,gadm_ITA.8.4_1,44340401.49139999,38886123.45139999,5454278.040000001,0.8769907836522888,21.590104901004178,18,1.2261944701913732,1,2025-07-31T00:00:00
TUR,ghs-fua_1637,46626008.73440001,40614672.35800001,6011336.376399999,0.8710733228176805,21.589043058149283,19,1.2226439936906082,1,2025-07-31T00:00:00
CHN,ghs-fua_7704,45119501.7966,39404650.625599995,5714851.171000002,0.8733396659217845,21.5728529445682,20,1.1830937171945686,4,2025-07-31T00:00:00
ITA,ghs-fua_3881,41561314.4756,36579250.7544,4982063.7212,0.8801273784513026,21.543752237573536,21,1.2147754988369737,2,2025-07-31T00:00:00
CHN,ghs-fua_10153,21914952.9442,20925343.9542,989608.99,0.9548432071691074,21.51552124160239,22,1.1506909245025057,10,2025-07-31T00:00:00
EGY,ghs-fua_3981,19704568.36979999,19027376.638799995,677191.7309999999,0.9656327548875472,21.48892265322156,23,1.279379652932528,1,2025-07-31T00:00:00
CHN,gadm_CHN.24.1_1,56012676.275400005,47034438.674600005,8978237.600800002,0.8397106119933226,21.47757287976798,24,1.1861550558173695,3,2025-07-31T00:00:00
RUS,ghs-fua_2262,135267710.94079995,100438781.09559996,34828929.845199995,0.7425185241698745,21.44713703310466,25,1.1455111145019248,1,2025-07-31T00:00:00
IRN,ghs-fua_5291,19677191.446,18888470.680200003,788720.7658,0.9599170050276492,21.42954637531057,26,1.0622939828538054,7,2025-07-31T00:00:00
GBR,ghs-fua_5288,72451862.329,58343679.9556,14108182.3734,0.8052750899716629,21.41343339264719,27,1.1831650539829976,1,2025-07-31T00:00:00
CHN,ghs-fua_10097,55669067.05200001,46446674.029400006,9222393.0226,0.8343354126271697,21.412645474903574,28,1.1823369703427253,5,2025-07-31T00:00:00
CHN,gadm_CHN.11.12_1,19331751.9526,18549554.9712,782196.9814,0.9595382258515478,21.403134780846916,29,1.1393698957220535,13,2025-07-31T00:00:00
JPN,ghs-fua_4532,37290663.01380001,32759994.192600004,4530668.821200002,0.8785039348985735,21.393613703152507,30,1.1398619359816444,3,2025-07-31T00:00:00
CHN,gadm_CHN.12.17_1,18154281.0162,17477644.824600004,676636.1915999999,0.962728560222451,21.354959886683137,31,1.1341206510849855,15,2025-07-31T00:00:00
CHN,gadm_CHN.14.7_1,15637834.121599996,15342178.132599996,295655.98899999994,0.981093546158568,21.346851466076174,32,1.1272363008901112,18,2025-07-31T00:00:00
CHN,gadm_CHN.10.8_1,23253281.103400003,21631781.589600004,1621499.5138000003,0.9302679262083616,21.340868443652038,33,1.1438254446090537,11,2025-07-31T00:00:00
IRN,gadm_IRN.6.16_1,18592195.527600005,17765875.336800005,826320.1908,0.9555555346019606,21.31337465118244,34,1.0539377353697912,8,2025-07-31T00:00:00
TKM,gadm_TKM.6.2_1,13552076.562199997,13499217.065599997,52859.49659999998,0.9960995278946816,21.310233295165315,35,1.250158790078313,1,2025-07-31T00:00:00
PAK,gadm_PAK.7.5_1,17269834.161000002,16652670.287000002,617163.8740000002,0.96426347420326,21.3064952787588,36,1.278558084521956,1,2025-07-31T00:00:00
CHN,gadm_CHN.10.4_1,23180404.919400003,21493633.5036,1686771.4158000003,0.9272328752812976,21.306036628900728,37,1.1418281047079646,12,2025-07-31T00:00:00
PAK,gadm_PAK.7.4_1,13220834.3092,13157390.1458,63444.16340000001,0.9952011982060882,21.269283499585608,38,1.2540602749051013,2,2025-07-31T00:00:00
IRN,gadm_IRN.1.1_1,19653623.039799996,18541453.986599997,1112169.0532,0.9434114997042644,21.261703367857955,39,1.053919188725336,9,2025-07-31T00:00:00
CHN,gadm_CHN.27.1_1,33709528.0078,29541449.526599996,4168078.4812,0.8763531046701231,21.2473538704494,40,1.1538679096590616,9,2025-07-31T00:00:00
CHN,gadm_CHN.16.2_1,19475439.070199993,18344981.42639999,1130457.6438000002,0.9419547030634214,21.23550166047766,41,1.1307594239179837,16,2025-07-31T00:00:00
PAK,gadm_PAK.7.6_1,13025885.8986,12929191.272000002,96694.6266,0.9925767331794,21.224217230791975,42,1.2501464814866357,3,2025-07-31T00:00:00
CHN,gadm_CHN.12.18_1,16181032.603200002,15592750.46,588282.1432,0.9636437205445306,21.217061081770762,43,1.1218607142028123,21,2025-07-31T00:00:00
CHN,gadm_CHN.10.2_1,18852585.547,17788022.684,1064562.8629999997,0.9435322619093272,21.210234910698407,44,1.1280385165516487,17,2025-07-31T00:00:00
CHN,gadm_CHN.18.12_1,22277919.40460001,20550399.878400005,1727519.5262000002,0.9224559755861538,21.207653247896744,45,1.134908953996945,14,2025-07-31T00:00:00
CHN,gadm_CHN.14.4_1,15244097.977600005,14783312.098000005,460785.87960000016,0.9697728340320898,21.201644934798587,46,1.1184615382804726,23,2025-07-31T00:00:00
KAZ,gadm_KAZ.1.3_1,19221653.668999996,18049763.556799997,1171890.1122,0.9390328151583552,21.18950402145667,47,1.221834729207808,2,2025-07-31T00:00:00
CHN,gadm_CHN.16.8_1,15413983.003199996,14845150.453599997,568832.5495999999,0.963096329515745,21.149550574559406,48,1.116193726285421,26,2025-07-31T00:00:00
CHN,gadm_CHN.31.10_1,16942443.200999994,16105175.990599994,837267.2104000002,0.9505816722849876,21.145381580804358,49,1.1200447770984292,22,2025-07-31T00:00:00
IRN,gadm_IRN.1.4_1,29198471.2512,25763376.5286,3435094.7226,0.8823536104665471,21.133136500863476,50,1.0650506022809005,6,2025-07-31T00:00:00
CHN,gadm_CHN.10.10_1,16869633.159199998,15938504.227399996,931128.9318000004,0.9448044351046126,21.082227008293227,51,1.1165156700071717,25,2025-07-31T00:00:00
CHN,gadm_CHN.8.2_1,15814735.042800004,15065865.369200004,748869.6736000001,0.952647346188646,21.07842512519496,52,1.1135462624178187,27,2025-07-31T00:00:00
CHN,gadm_CHN.11.9_1,17382073.872800004,16326499.360200005,1055574.5125999996,0.9392722341232368,21.064801338425134,53,1.1168674777207568,24,2025-07-31T00:00:00
IRN,gadm_IRN.13.2_1,11297174.920000002,11239874.235400002,57300.68459999999,0.9949278748885656,21.062659354194555,54,1.0182230982920777,12,2025-07-31T00:00:00
CHN,gadm_CHN.30.12_1,15099518.564799998,14442883.358799998,656635.206,0.9565128382615624,21.057915332964065,55,1.1104675385278393,28,2025-07-31T00:00:00
CHN,gadm_CHN.10.9_1,21640129.9428,19681085.5934,1959044.3494,0.90947169196404,21.039660945679806,56,1.1247192657694967,19,2025-07-31T00:00:00
CHN,gadm_CHN.9.2_1,13353847.586000005,12925544.462200005,428303.1238000002,0.967926612832617,21.013766836937616,57,1.1027992906665223,37,2025-07-31T00:00:00
CHN,gadm_CHN.19.4_1,13202215.278399998,12784100.7142,418114.56419999985,0.9683299692223568,21.00310875058406,58,1.1017397700805531,40,2025-07-31T00:00:00
MEX,ghs-fua_5006,17754242.9506,16502533.826799996,1251709.1238000002,0.9294980288777844,20.99367862563767,59,1.2576988173266705,1,2025-07-31T00:00:00
CHN,gadm_CHN.10.11_1,13061301.185000004,12636648.601800004,424652.58319999994,0.967487727510052,20.98108234258602,60,1.1001142032602416,43,2025-07-31T00:00:00
CHN,gadm_CHN.12.14_1,13540349.166799996,13035270.576799996,505078.59000000014,0.9626982595664212,20.98001683152024,61,1.101633969647539,41,2025-07-31T00:00:00
CHN,gadm_CHN.30.16_1,13578364.112399992,13053399.680999994,524964.4313999999,0.96133816805512,20.970195883596574,62,1.1012405746548124,42,2025-07-31T00:00:00
CHN,gadm_CHN.17.3_1,22804345.7374,20428481.05,2375864.6873999997,0.8958152663198976,20.966112721327153,63,1.122941428649663,20,2025-07-31T00:00:00
CHN,gadm_CHN.6.18_1,13954004.032200009,13357981.546200007,596022.4859999999,0.957286633669832,20.96504660550103,64,1.1021580092922267,38,2025-07-31T00:00:00
GBR,gadm_GBR.1.36_1,49549593.53799998,39891383.27299998,9658210.265,0.8050799295135884,20.961817062091107,65,1.1314784475803108,2,2025-07-31T00:00:00
IRN,gadm_IRN.15.2_1,19825318.172400005,18084504.530600004,1740813.6418000003,0.9121923982928308,20.957980773843143,66,1.0392542185058404,10,2025-07-31T00:00:00
CHN,gadm_CHN.28.9_1,11828884.949,11567610.325,261274.62399999995,0.9779121510500371,20.95603722329788,67,1.0944346855126008,50,2025-07-31T00:00:00
CHN,gadm_CHN.8.9_1,14414828.808999997,13699145.190399995,715683.6185999999,0.9503508763036328,20.937855722898053,68,1.1021358827693857,39,2025-07-31T00:00:00
TKM,ghs-fua_1138,20750140.4376,18767361.566,1982778.8716000004,0.9044450384534682,20.936533064297453,69,1.2426670230720809,2,2025-07-31T00:00:00
IRN,ghs-fua_967,14564606.881200004,13816445.937400004,748160.9437999998,0.9486315731071516,20.93397079691354,70,1.0239942128094013,11,2025-07-31T00:00:00
IRN,gadm_IRN.24.14_1,10588836.7482,10483895.456200002,104941.29199999994,0.9900894409371418,20.9317204253198,71,1.0087765758104255,13,2025-07-31T00:00:00
PAK,gadm_PAK.7.3_1,11692450.2956,11407016.535999998,285433.7596,0.9755881998739466,20.918416973103255,72,1.22306243839271,4,2025-07-31T00:00:00
CHN,gadm_CHN.12.12_1,15807556.623000003,14801499.140200006,1006057.4828,0.936355914655641,20.91581976236334,73,1.1049366411765085,34,2025-07-31T00:00:00
UZB,ghs-fua_2481,19886168.030199997,18044779.9592,1841388.071,0.907403574776016,20.913516051435458,74,1.2444421448656096,1,2025-07-31T00:00:00
FJI,gadm_FJI.2.2_1,12161319.747799998,11787460.976999998,373858.7708000001,0.9692583717431136,20.906995224634063,75,1.2084928722146715,2,2025-07-31T00:00:00
CHN,gadm_CHN.6.9_1,11780086.940399991,11452308.245399993,327778.695,0.9721751888030744,20.894672731794643,76,1.091047171061963,61,2025-07-31T00:00:00
KAZ,ghs-fua_2096,11960599.187,11588848.6442,371750.5428000001,0.9689187358435976,20.882345821195887,77,1.1841502698843902,3,2025-07-31T00:00:00
CHN,gadm_CHN.16.3_1,11409114.4136,11114983.8114,294130.6022000001,0.9742196816039124,20.87354323272938,78,1.0885276773495982,64,2025-07-31T00:00:00
CHN,gadm_CHN.23.4_1,17853868.2988,16358732.538,1495135.760799999,0.9162570410077188,20.868059621282164,79,1.10756239850369,30,2025-07-31T00:00:00
AGO,ghs-fua_506,12795579.562200008,12257695.039400008,537884.5227999999,0.9579632544047486,20.86124454239304,80,1.274777952642849,1,2025-07-31T00:00:00
CHN,gadm_CHN.26.13_1,13267635.9846,12645586.1006,622049.884,0.953115243384577,20.859720226281322,81,1.094433286389905,51,2025-07-31T00:00:00
IRN,gadm_IRN.24.12_1,10605208.6604,10418369.378,186839.2823999999,0.982382309638314,20.858913387336482,82,1.0053421280425416,14,2025-07-31T00:00:00
CHN,gadm_CHN.22.7_1,18863509.650600005,17121631.613400005,1741878.0371999997,0.9076588572612416,20.850381657486388,83,1.1089243371126773,29,2025-07-31T00:00:00
CHN,gadm_CHN.18.13_1,14713924.5642,13783434.7946,930489.7696,0.9367612790496462,20.829369716792748,84,1.0973074412010813,47,2025-07-31T00:00:00
CHN,gadm_CHN.14.3_1,11423658.309,11073992.571,349665.7380000001,0.96939108921662,20.828097416900803,85,1.0862141048688942,65,2025-07-31T00:00:00
CHN,gadm_CHN.1.14_1,12821105.4856,12227467.8258,593637.6597999999,0.9536984029601236,20.821904386616705,86,1.0909594412970305,62,2025-07-31T00:00:00
CHN,gadm_CHN.14.11_1,10745941.2636,10494023.925,251917.33859999993,0.9765569778932884,20.819324348477508,87,1.083041720190699,73,2025-07-31T00:00:00
CHN,gadm_CHN.26.9_1,11184767.674,10857499.977,327267.697,0.9707398752894292,20.814146303421285,88,1.084550944784625,70,2025-07-31T00:00:00
CHN,gadm_CHN.14.5_1,11115656.6886,10793816.4186,321840.2700000001,0.9710462207482466,20.809179529094443,89,1.0840173522953696,72,2025-07-31T00:00:00
USA,ghs-fua_1642,105693796.1158,75006341.96899998,30687454.146800008,0.7096569971507287,20.80023751361069,90,1.0853501996995065,2,2025-07-31T00:00:00
CHN,gadm_CHN.6.8_1,11355663.237200003,10982639.792600002,373023.4446000001,0.9671508887849004,20.798610632306406,91,1.0844124832872375,71,2025-07-31T00:00:00
CHN,gadm_CHN.15.10_1,18623371.8142,16832418.639599998,1790953.1746,0.9038330334341266,20.796009483505237,92,1.1054995757931048,33,2025-07-31T00:00:00
CHN,gadm_CHN.1.7_1,15236854.602399996,14151433.831399998,1085420.7710000002,0.9287634620580396,20.79407769453945,93,1.0969406617182669,48,2025-07-31T00:00:00
CHN,gadm_CHN.1.12_1,13681861.097599996,12872750.585399996,809110.5122000002,0.940862540086602,20.778022854713246,94,1.0914766630283346,58,2025-07-31T00:00:00
CHN,gadm_CHN.16.10_1,13818277.1826,12966690.3114,851586.8712000002,0.9383724280569272,20.766003676401276,95,1.0912731044970025,59,2025-07-31T00:00:00
IRN,gadm_IRN.2.1_1,11158119.709,10779591.7556,378527.95340000006,0.9660760089269624,20.765676972820426,96,1.003276729954942,15,2025-07-31T00:00:00
FRA,ghs-fua_2702,46479781.30379999,36891130.05379999,9588651.25,0.7937027459891238,20.765637996170494,97,1.1762216475934744,1,2025-07-31T00:00:00
CHN,gadm_CHN.4.6_1,14088956.543,13183721.8198,905234.7232,0.9357486325948134,20.76459119090188,98,1.0920338413521997,55,2025-07-31T00:00:00
CHN,gadm_CHN.14.1_1,12057406.886999996,11523007.593599996,534399.2934000001,0.9556787542787348,20.763146934877756,99,1.0852002658995756,69,2025-07-31T00:00:00
CHN,gadm_CHN.12.16_1,20616309.31220001,18238467.635200005,2377841.6769999997,0.8846621070245159,20.728586691831268,100,1.1061087981696436,32,2025-07-31T00:00:00
CHN,gadm_CHN.10.3_1,11734105.076599998,11210939.889399998,523165.18720000016,0.9554149904245114,20.72596012648218,101,1.0820660109504956,77,2025-07-31T00:00:00
USA,ghs-fua_6442,36133243.34800001,29555093.87800001,6578149.470000002,0.8179474395186253,20.722614797559263,102,1.044540635880965,6,2025-07-31T00:00:00
CHN,gadm_CHN.23.15_1,15837947.020000003,14505204.030600004,1332742.9894,0.915851278722108,20.71428877833808,103,1.0943714254188144,52,2025-07-31T00:00:00
CHN,gadm_CHN.13.12_1,19929117.974,17680185.0266,2248932.947399999,0.8871534128939368,20.711985790298822,104,1.1038314093409527,36,2025-07-31T00:00:00
IRN,gadm_IRN.19.1_1,10668941.132,10310639.2638,358301.86819999997,0.9664163609333898,20.71161437129995,105,0.9985290504327153,16,2025-07-31T00:00:00
CHN,gadm_CHN.22.6_1,12202824.0886,11571705.397999998,631118.6905999997,0.9482809318549796,20.705985915771674,106,1.0827361116686474,75,2025-07-31T00:00:00
CHN,gadm_CHN.31.6_1,16812326.4244,15247334.254600003,1564992.169799999,0.9069140028396844,20.699672002082334,107,1.0961128188351488,49,2025-07-31T00:00:00
CHN,gadm_CHN.26.3_1,11215048.9704,10730798.1064,484250.8640000001,0.9568213330786082,20.682051787674407,108,1.0777870396144924,86,2025-07-31T00:00:00
USA,ghs-fua_7165,51839764.6206,40108965.78559999,11730798.835000005,0.7737104147587421,20.6809286649222,109,1.0552708162698645,3,2025-07-31T00:00:00
CHN,gadm_CHN.13.3_1,11037383.0234,10579525.0644,457857.95900000015,0.958517525573833,20.678210440906998,110,1.0768831726519914,87,2025-07-31T00:00:00
CHN,gadm_CHN.25.5_1,11968678.3632,11345618.6012,623059.762,0.9479424759281928,20.678090878938665,111,1.0804323296398117,79,2025-07-31T00:00:00
CHN,gadm_CHN.30.6_1,10318075.8122,9978858.2496,339217.5626,0.9671239513283172,20.675673095841674,112,1.073766368484616,91,2025-07-31T00:00:00
CHN,gadm_CHN.23.13_1,22913505.2418,19839676.0834,3073829.1584,0.8658507667874158,20.667332896782465,113,1.1071316615210607,31,2025-07-31T00:00:00
CHN,gadm_CHN.12.1_1,12530866.4456,11789606.335600002,741260.11,0.94084526291793,20.666732657169934,114,1.0818367890556937,78,2025-07-31T00:00:00
USA,ghs-fua_7068,49112294.838,38200876.1794,10911418.6586,0.7778271470597738,20.66174790351568,115,1.052405755012013,5,2025-07-31T00:00:00
PAK,gadm_PAK.7.1_1,8411973.7058,8352912.7488,59060.956999999995,0.992978941795874,20.66154568500218,116,1.1799732118917081,8,2025-07-31T00:00:00
CHN,gadm_CHN.7.14_1,10488858.5258,10105866.3952,382992.13059999986,0.9634858140513638,20.66140238292581,117,1.0737540867779178,92,2025-07-31T00:00:00
IND,ghs-fua_7466,27584215.177200012,23254177.527600013,4330037.649600001,0.8430248016199122,20.65893007427323,118,1.2058148809719471,1,2025-07-31T00:00:00
CHN,gadm_CHN.18.4_1,16936214.4754,15267585.5162,1668628.9592000002,0.9014756832689088,20.65449398780361,119,1.094027688861193,53,2025-07-31T00:00:00
CHN,gadm_CHN.14.2_1,15379643.246600008,14047272.978200007,1332370.2684,0.9133679340257422,20.652940682683173,120,1.089890177308487,63,2025-07-31T00:00:00
CHN,gadm_CHN.19.8_1,10101838.761999996,9773212.198199997,328626.5638,0.9674686389733133,20.65189262882677,121,1.0715892590261193,100,2025-07-31T00:00:00
CHN,gadm_CHN.23.10_1,19952065.01879999,17537871.275799993,2414193.743,0.8790003069494207,20.631177307820483,122,1.0995719191926299,44,2025-07-31T00:00:00
CHN,gadm_CHN.1.3_1,10650231.8856,10190752.4334,459479.4522,0.9568573288229288,20.616562685122254,123,1.0720988842249974,99,2025-07-31T00:00:00
CHN,gadm_CHN.14.12_1,12232004.761400005,11474981.165200002,757023.5962000003,0.938111240882696,20.60943781496048,124,1.0777912195334722,85,2025-07-31T00:00:00
ZAF,ghs-fua_3337,17266334.8638,15442202.9662,1824131.8976000005,0.8943532653577563,20.607234658378943,125,1.2366119592146538,1,2025-07-31T00:00:00
CHN,gadm_CHN.1.1_1,11429456.2232,10818652.648,610803.5752000001,0.9465588245606852,20.606109795542107,126,1.0746593520369874,90,2025-07-31T00:00:00
CHN,gadm_CHN.15.11_1,17026058.990199998,15253130.6582,1772928.3319999997,0.8958697175300241,20.605054873928527,127,1.0916296719863272,57,2025-07-31T00:00:00
KAZ,gadm_KAZ.2.14_1,14030840.716199998,12908885.102999998,1121955.6131999998,0.920036465676316,20.60423415658609,128,1.1751378854883163,4,2025-07-31T00:00:00
IND,ghs-fua_10452,17569451.570599996,15655580.470399998,1913871.1001999993,0.8910682503372734,20.595875742678743,129,1.2021345426837096,2,2025-07-31T00:00:00
CHN,gadm_CHN.17.4_1,12798145.590399995,11907459.517999995,890686.0723999998,0.9304050679757768,20.59090945484225,130,1.0787792057127545,83,2025-07-31T00:00:00
KAZ,gadm_KAZ.12.10_1,9735460.764199996,9401297.781199995,334162.9830000001,0.9656756889998662,20.587277942394888,131,1.1585135123696169,5,2025-07-31T00:00:00
CHN,gadm_CHN.31.1_1,17233914.712399997,15382430.001199998,1851484.7112,0.8925673741516293,20.587056220884772,132,1.0911812571926902,60,2025-07-31T00:00:00
CHN,ghs-fua_8630,15164593.4558,13771744.876,1392848.5798000006,0.9081512746213928,20.583613928986306,133,1.0856374297104165,68,2025-07-31T00:00:00
CHN,gadm_CHN.25.11_1,13165955.121599998,12188755.256599998,977199.865,0.925778277688581,20.581051994132682,134,1.0794822039027239,80,2025-07-31T00:00:00
CHN,gadm_CHN.4.1_1,13020013.707599998,12068718.016199997,951295.6914,0.926935891715328,20.578436161973826,135,1.0788658375091305,81,2025-07-31T00:00:00
CHN,ghs-fua_8055,18018508.190800004,15967015.953800002,2051492.237,0.8861452782174573,20.577686739562093,136,1.09253084202507,54,2025-07-31T00:00:00
IRN,gadm_IRN.29.8_1,8535340.9506,8372131.3396,163209.611,0.9808783724112944,20.564538209354108,137,0.9807073428537554,18,2025-07-31T00:00:00
CHN,gadm_CHN.30.13_1,8455519.448,8297715.767000001,157803.68099999998,0.9813371985044248,20.55682241492546,138,1.058681278173686,118,2025-07-31T00:00:00
CHN,gadm_CHN.6.4_1,24809665.888000004,20977022.421000004,3832643.4670000016,0.8455181345729536,20.556573209187615,139,1.1043758352652115,35,2025-07-31T00:00:00
CHN,gadm_CHN.26.1_1,8460449.428399999,8294157.0222,166292.40619999994,0.9803447313754056,20.548075176413814,140,1.0582572022930132,120,2025-07-31T00:00:00
CHN,gadm_CHN.23.9_1,22086658.0086,18952606.740799997,3134051.267800002,0.8581020602311277,20.543891884018358,141,1.0990410264008574,45,2025-07-31T00:00:00
CHN,gadm_CHN.6.10_1,9557242.044000002,9207379.5434,349862.5006,0.9633929433837408,20.541625860300655,142,1.0634041346722118,108,2025-07-31T00:00:00
CHN,gadm_CHN.7.6_1,10381680.878000002,9880657.566600002,501023.3114000001,0.9517396732487003,20.534416116075935,143,1.066701699585769,102,2025-07-31T00:00:00
IRN,gadm_IRN.14.5_1,8772914.551400004,8543850.010000004,229064.5414,0.9738895734071128,20.532874431573937,144,0.9805318104797871,19,2025-07-31T00:00:00
PAK,ghs-fua_6458,10603500.533199996,10049829.773199996,553670.7599999999,0.9477841531420276,20.52289539701856,145,1.191777815992964,5,2025-07-31T00:00:00
CHN,gadm_CHN.26.2_1,22081078.482799996,18900361.951399997,3180716.5314,0.8559528451530295,20.521778712407336,146,1.0978478616782046,46,2025-07-31T00:00:00
CHN,gadm_CHN.31.4_1,12395091.873599991,11493252.161799992,901839.7118,0.9272421922324912,20.519650857861432,147,1.0736677269386339,93,2025-07-31T00:00:00
MNG,gadm_MNG.21.1_1,8657948.755400002,8432062.330800002,225886.4246,0.973909937448046,20.51612763926356,148,1.2843459624688274,1,2025-07-31T00:00:00
CHN,gadm_CHN.17.6_1,9978546.0206,9517817.433999998,460728.5866000001,0.9538280842069716,20.504269945407327,149,1.0633859346591532,109,2025-07-31T00:00:00
TUR,ghs-fua_3650,14712597.333199998,13287249.308399998,1425348.0248000002,0.9031205712682964,20.496127792526796,150,1.0805932350614142,2,2025-07-31T00:00:00
CHN,gadm_CHN.19.6_1,9224423.9212,8884538.544,339885.37720000005,0.9631537557138002,20.494025018725893,151,1.0593590075031198,116,2025-07-31T00:00:00
OMN,ghs-fua_996,13587233.918400005,12394833.702600002,1192400.2158,0.9122411358366888,20.487188972375545,152,1.236487834527438,1,2025-07-31T00:00:00
CHN,gadm_CHN.22.8_1,13141713.9764,12017659.157000002,1124054.8193999997,0.9144666501326548,20.467490916413453,153,1.0734471426873131,95,2025-07-31T00:00:00
CHN,gadm_CHN.16.1_1,9731285.8524,9273254.9886,458030.86379999993,0.952932133456234,20.463696334562616,154,1.0601709320220694,115,2025-07-31T00:00:00
PAK,gadm_PAK.8.1_1,7504876.773600006,7412632.542400005,92244.2312,0.9877087613850652,20.463632828846162,155,1.1587670053030987,9,2025-07-31T00:00:00
IRN,ghs-fua_5666,8035707.1104000015,7856067.294200001,179639.8162,0.9776448029113074,20.455966777400594,156,0.9725924247454617,20,2025-07-31T00:00:00
CHN,gadm_CHN.23.6_1,15181786.295400005,13585703.771800004,1596082.5236000002,0.8948685950029738,20.453242220273253,157,1.0788088140094634,82,2025-07-31T00:00:00
USA,ghs-fua_4510,37482495.4982,29534935.545999996,7947559.952199999,0.7879660933306412,20.4525554977262,158,1.0322409196166853,9,2025-07-31T00:00:00
CHN,gadm_CHN.12.5_1,10840157.840400005,10159757.856400004,680399.9840000002,0.9372333877405152,20.448353587274806,159,1.0641252882570609,105,2025-07-31T00:00:00
PAK,gadm_PAK.7.2_1,7380752.7944,7292757.4236,87995.37079999999,0.9880777241493895,20.44557614522877,160,1.1562863499275808,10,2025-07-31T00:00:00
IND,gadm_IND.36.19_1,8337135.5512000015,8092738.435400002,244397.11579999997,0.9706857212169444,20.436804029055367,161,1.192849887634335,3,2025-07-31T00:00:00
CHN,gadm_CHN.7.11_1,15192613.6694,13566892.6014,1625721.068,0.8929926671357131,20.435511489386077,162,1.0779034946520365,84,2025-07-31T00:00:00
USA,ghs-fua_4211,34000792.583000004,27105866.073800005,6894926.509200002,0.7972127710738314,20.434433921259547,163,1.0278259862775467,10,2025-07-31T00:00:00
CHN,gadm_CHN.23.2_1,12998222.596599998,11860765.305999998,1137457.2905999995,0.9124913208597052,20.434367966168445,164,1.0712412145630044,101,2025-07-31T00:00:00
CHN,gadm_CHN.6.15_1,18441477.4284,16019483.469800005,2421993.9585999995,0.8686659478339783,20.430806716351153,165,1.0856840017272082,67,2025-07-31T00:00:00
CHN,gadm_CHN.28.7_1,7785585.856600001,7623393.774800002,162192.0818,0.9791676458538432,20.4297821796489,166,1.0484007720156203,143,2025-07-31T00:00:00
CHN,gadm_CHN.13.6_1,11030748.487,10291680.9446,739067.5424000002,0.9329993297126656,20.429158885694587,167,1.063886821572693,107,2025-07-31T00:00:00
CHN,gadm_CHN.30.7_1,13408745.691,12172439.4784,1236306.2126,0.9077985188853412,20.426948910684953,168,1.0721777722854282,98,2025-07-31T00:00:00
BRA,ghs-fua_6567,12357301.4846,11344154.094,1013147.3906000004,0.9180122462932048,20.42538096933355,169,1.2508073477759227,1,2025-07-31T00:00:00
CHN,gadm_CHN.30.3_1,7856069.8546,7679206.2186,176863.6360000001,0.9774870082276012,20.42537577044862,170,1.0485845578125472,142,2025-07-31T00:00:00
CHN,gadm_CHN.16.5_1,10962060.7864,10228105.6204,733955.166,0.933045877020626,20.421742394010174,171,1.0632283554056758,110,2025-07-31T00:00:00
CHN,gadm_CHN.12.9_1,10021915.744399998,9466728.893,555186.8514,0.9446027221182512,20.42055846315184,172,1.0592357542871929,117,2025-07-31T00:00:00
CHN,gadm_CHN.28.1_1,7971678.333400001,7762604.965400001,209073.36799999996,0.9737729798850492,20.408756925289104,173,1.048394304570604,144,2025-07-31T00:00:00
CHN,gadm_CHN.7.7_1,8174693.631200001,7932629.607600001,242064.0236,0.9703886121583658,20.408733345351084,174,1.0495314255630592,139,2025-07-31T00:00:00
NGA,ghs-fua_865,13652257.758800006,12336622.575000005,1315635.1838,0.903632409595258,20.40828229299554,175,1.2421794457571549,1,2025-07-31T00:00:00
IRN,ghs-fua_4397,11637156.538,10743696.5036,893460.0343999997,0.9232235098425896,20.401148992884913,176,0.9876268483380467,17,2025-07-31T00:00:00
JPN,ghs-fua_708,11643138.1026,10740697.376,902440.7266000002,0.9224916239378388,20.39464858632875,177,1.0866365983719883,4,2025-07-31T00:00:00
CHN,gadm_CHN.25.9_1,8779423.292399999,8422497.497399999,356925.7949999999,0.959345188959168,20.394306257151943,178,1.0519981803303542,130,2025-07-31T00:00:00
IRN,gadm_IRN.10.7_1,7317082.133800002,7198113.915600002,118968.2182,0.9837410300958018,20.393248167612448,179,0.9650182974616988,24,2025-07-31T00:00:00
CHN,gadm_CHN.12.15_1,10053822.963600002,9464160.904600002,589662.0589999999,0.9413494686414432,20.393112873207063,180,1.057952035748037,121,2025-07-31T00:00:00
JPN,ghs-fua_266,11147054.2486,10338591.636,808462.6125999998,0.9274729812406234,20.38856780066736,181,1.0863126112133692,5,2025-07-31T00:00:00
CHN,gadm_CHN.18.3_1,8687057.584400002,8340695.390000002,346362.19440000004,0.9601289399736468,20.388328236367546,182,1.0512162487751295,131,2025-07-31T00:00:00
USA,ghs-fua_6654,79124469.2878,55509369.4174,23615099.8704,0.701544919252417,20.385774707777344,183,1.054389679440633,4,2025-07-31T00:00:00
CHN,gadm_CHN.12.13_1,12070810.442600004,11066679.830000004,1004130.6126,0.9168133227362888,20.384310874376695,184,1.065447922240138,104,2025-07-31T00:00:00
CHN,gadm_CHN.25.6_1,10915144.2584,10143358.7056,771785.5528000003,0.9292922260550012,20.379840647742267,185,1.060860131780654,114,2025-07-31T00:00:00
CHN,gadm_CHN.7.5_1,8584282.6516,8247521.793799999,336760.85780000006,0.9607700641430728,20.37928269188183,186,1.0502164579388402,137,2025-07-31T00:00:00
CHN,gadm_CHN.12.7_1,14380724.031400008,12858051.895200009,1522672.1362,0.894117143693511,20.37876054484838,187,1.0726063102989254,97,2025-07-31T00:00:00
CHN,gadm_CHN.14.10_1,9143033.677800002,8707149.967200002,435883.71059999993,0.9523261396643042,20.378569417481863,188,1.0529968287284064,129,2025-07-31T00:00:00
CHN,gadm_CHN.6.12_1,9236196.5926,8781551.142800001,454645.4498000001,0.950775685073198,20.376538431149104,189,1.0533426769193686,128,2025-07-31T00:00:00
CHN,gadm_CHN.17.7_1,8855139.7484,8455486.4348,399653.31360000005,0.9548676446724388,20.36228527159106,190,1.0507299967590635,134,2025-07-31T00:00:00
CHN,gadm_CHN.23.5_1,15664114.7664,13807386.5442,1856728.2222,0.8814661249684701,20.358705838674314,191,1.0751264211752336,89,2025-07-31T00:00:00
USA,ghs-fua_5511,50590030.18659999,37730752.76099999,12859277.4256,0.7458139997511586,20.35560092725402,192,1.037832883354211,7,2025-07-31T00:00:00
CHN,gadm_CHN.8.8_1,7591738.411000002,7399630.231800002,192108.1792,0.9746951002787916,20.354805876123105,193,1.0434079036545272,158,2025-07-31T00:00:00
CHN,gadm_CHN.13.1_1,8187304.456,7896494.8704,290809.58559999993,0.9644804236653391,20.35428161406205,194,1.0468006845467321,149,2025-07-31T00:00:00
CHN,gadm_CHN.22.1_1,7234619.663,7096404.2974,138215.36560000002,0.980895282400694,20.351656632600474,195,1.0410479973500713,162,2025-07-31T00:00:00
CHN,ghs-fua_8989,16167833.4376,14175034.6808,1992798.7567999992,0.876742993148016,20.350563193837523,196,1.0760104732216749,88,2025-07-31T00:00:00
CHN,gadm_CHN.14.14_1,8944044.279400002,8514782.360200003,429261.9192,0.9520058369804052,20.347516997889613,197,1.0504132812609028,136,2025-07-31T00:00:00
CHN,ghs-fua_10078,15411714.900600003,13591952.435600003,1819762.4650000003,0.8819234279418734,20.343284516903275,198,1.0736359055808984,94,2025-07-31T00:00:00
IRN,ghs-fua_417,6846770.6389999995,6761065.213199999,85705.42579999997,0.9874823576954934,20.34286288231178,199,0.9593525823911286,29,2025-07-31T00:00:00
OMN,gadm_OMN.11.1_1,14140871.617399998,12620649.322199998,1520222.2951999994,0.8924944419034677,20.341933595511552,200,1.231384182329065,2,2025-07-31T00:00:00
CHN,gadm_CHN.15.4_1,19345924.9188,16518903.996800002,2827020.9219999993,0.85386995277477,20.340328837177978,201,1.0828224203987098,74,2025-07-31T00:00:00
NGA,ghs-fua_6116,6485997.334200001,6446024.478400001,39972.8558,0.9938370533103326,20.332703132434098,202,1.164905418106653,2,2025-07-31T00:00:00
CHN,gadm_CHN.18.9_1,8287407.764999999,7960563.6329999985,326844.13200000004,0.9605613550982308,20.332361841882207,203,1.0462200076820705,151,2025-07-31T00:00:00
CHN,gadm_CHN.15.2_1,12549416.3148,11365496.9106,1183919.4042,0.9056594048279552,20.32353155441214,204,1.0639344511969375,106,2025-07-31T00:00:00
CHN,gadm_CHN.23.8_1,13357146.093400003,11991354.625800004,1365791.4676,0.8977482571464228,20.323209714815828,205,1.0665694176831615,103,2025-07-31T00:00:00
MNG,ghs-fua_117,7553176.394200001,7336965.627600001,216210.7666000001,0.9713748553832232,20.316712469513902,206,1.262738194319685,2,2025-07-31T00:00:00
CHN,gadm_CHN.15.5_1,15760191.656600004,13800148.332400003,1960043.3242,0.8756332811867056,20.308219607389265,207,1.0727140152998353,96,2025-07-31T00:00:00
PAK,gadm_PAK.7.8_1,6279203.407399999,6252007.437599999,27195.969800000013,0.9956688821757312,20.30790364410615,208,1.1343033428009859,12,2025-07-31T00:00:00
IRN,gadm_IRN.29.3_1,6391154.033600001,6345519.0004,45635.03320000002,0.9928596568068796,20.30441790647049,209,0.9541152920802282,32,2025-07-31T00:00:00
CHN,gadm_CHN.8.5_1,8351263.752599997,7987870.380999997,363393.3716000002,0.956486421412943,20.303190965138686,210,1.0450633302184698,155,2025-07-31T00:00:00
IRQ,ghs-fua_2709,8486513.187999997,8098121.443799998,388391.7442,0.9542342378317176,20.30209768718451,211,1.2725405426990304,1,2025-07-31T00:00:00
IRN,ghs-fua_3000,7431467.219199999,7218047.991199999,213419.22800000003,0.9712816834542972,20.294988681518838,212,0.9611290311510619,27,2025-07-31T00:00:00
CHN,gadm_CHN.7.1_1,8427055.877799999,8042818.967599999,384236.91019999987,0.9544043713757466,20.294778638726967,213,1.0450350309435064,156,2025-07-31T00:00:00
CHN,gadm_CHN.13.16_1,10630403.278599998,9820352.392399998,810050.8861999998,0.923798668312922,20.293270148592885,214,1.0552060456150296,125,2025-07-31T00:00:00
CHN,gadm_CHN.18.1_1,9430264.150600003,8857979.436000003,572284.7146000003,0.9393140313504804,20.29251579052253,215,1.0499182548415016,138,2025-07-31T00:00:00
CHN,gadm_CHN.10.5_1,11242819.889,10301367.2264,941452.6626,0.916261874521256,20.29010728598231,216,1.0574687703196959,122,2025-07-31T00:00:00
DZA,ghs-fua_3145,15387460.1134,13485948.6322,1901511.4812000005,0.8764246037236457,20.28674832934775,217,1.2258547622341873,1,2025-07-31T00:00:00
IND,gadm_IND.25.1_1,15237062.952,13367004.65,1870058.302,0.8772691096774304,20.2830883702824,218,1.1838778533556735,4,2025-07-31T00:00:00
CHN,gadm_CHN.5.12_1,8978691.381,8482480.5362,496210.84479999985,0.9447346140162428,20.2825828648659,219,1.0472328066402345,147,2025-07-31T00:00:00
CHN,gadm_CHN.25.2_1,9422582.484799998,8840955.532199997,581626.9526,0.9382730845245186,20.281456380901858,220,1.0493100976738547,140,2025-07-31T00:00:00
CHN,gadm_CHN.13.13_1,11222994.299999995,10272234.073199997,950760.2268000004,0.915284620005554,20.278382976748333,221,1.0567815467209563,123,2025-07-31T00:00:00
IND,gadm_IND.36.13_1,6304291.5962000005,6253610.729400001,50680.8668,0.9919608942532816,20.278244001468238,222,1.18359509853807,5,2025-07-31T00:00:00
CHN,gadm_CHN.11.1_1,8780398.196400002,8316796.503400001,463601.693,0.9472003794554468,20.277944933108653,223,1.0460008632655882,153,2025-07-31T00:00:00
USA,gadm_USA.33.42_1,18868455.389,16046601.8222,2821853.5668,0.850445968754544,20.275615344344892,224,0.997998514643426,20,2025-07-31T00:00:00
CHN,gadm_CHN.5.9_1,6957854.704000004,6805694.575400003,152160.12860000003,0.9781311718808204,20.27526542205079,225,1.0353574444245015,172,2025-07-31T00:00:00
CHN,gadm_CHN.15.3_1,10935986.1252,10038809.51,897176.6151999999,0.9179610686289534,20.272049315967365,226,1.055331716831423,124,2025-07-31T00:00:00
PAK,gadm_PAK.5.6_1,6055261.772800001,6034976.528600002,20285.244199999997,0.9966499806348388,20.26998060869167,227,1.1289609596805115,13,2025-07-31T00:00:00
CHN,gadm_CHN.26.12_1,9061126.685599998,8535758.142999997,525368.5426,0.942019512492313,20.268064184785413,228,1.046888343085886,148,2025-07-31T00:00:00
USA,gadm_USA.3.8_1,31895065.749399997,25138048.982800003,6757016.766599996,0.7881485236716559,20.265133438025256,229,1.0170126725718736,11,2025-07-31T00:00:00
CHN,gadm_CHN.4.9_1,9313022.6466,8734084.0512,578938.5954000001,0.937835585999422,20.26247309176956,230,1.0478120476135704,145,2025-07-31T00:00:00
UZB,ghs-fua_3428,6183057.858799999,6139412.454599999,43645.4042,0.9929411295839838,20.262291663482333,231,1.187846777268688,2,2025-07-31T00:00:00
KOR,ghs-fua_3057,18557289.8366,15789438.603200002,2767851.233400001,0.850848305018061,20.259530230919168,232,0.9328623405786813,2,2025-07-31T00:00:00
IRN,ghs-fua_4845,7155670.951199999,6959035.284799999,196635.6664,0.9725203034431,20.258206556692006,233,0.9575339142427701,30,2025-07-31T00:00:00
CHN,gadm_CHN.15.7_1,27108313.90300001,21844463.68100001,5263850.222,0.8058215556734621,20.255897034344606,234,1.091677487758709,56,2025-07-31T00:00:00
IND,ghs-fua_9850,8309204.3951999955,7911930.513999995,397273.8812000002,0.9521886979420684,20.255674018105204,235,1.1822777398121054,6,2025-07-31T00:00:00
PAK,gadm_PAK.8.2_1,12380920.277599994,11145703.089999994,1235217.1876000008,0.9002321992303917,20.253542696771984,236,1.1888561756030418,6,2025-07-31T00:00:00
PAK,gadm_PAK.7.7_1,6987482.794400002,6814580.116000002,172902.67840000003,0.9752553697107392,20.253540653679785,237,1.1406618695538198,11,2025-07-31T00:00:00
IRN,gadm_IRN.18.6_1,8356347.372999999,7944073.148999998,412274.2240000001,0.9506633454070984,20.248279408264807,238,0.9646061721944057,25,2025-07-31T00:00:00
IRN,gadm_IRN.5.12_1,8885058.463399999,8374081.705599998,510976.75780000014,0.942490332516679,20.24775749952017,239,0.9675235907770816,22,2025-07-31T00:00:00
KAZ,ghs-fua_1510,11700193.109000005,10608463.637800002,1091729.4712,0.9066913288499296,20.246485119674023,240,1.147167363215546,6,2025-07-31T00:00:00
CHN,gadm_CHN.22.10_1,10238206.2496,9457638.410999998,780567.8385999999,0.9237593168597774,20.2457385524588,241,1.0510996559779116,132,2025-07-31T00:00:00
IRN,gadm_IRN.8.8_1,7854918.235800002,7527619.754400002,327298.4814,0.9583320320371652,20.24271705222722,242,0.9613511042702662,26,2025-07-31T00:00:00
PAK,ghs-fua_2034,12283900.565200005,11056528.414200002,1227372.1509999998,0.9000828650081134,20.242323785698574,243,1.1875580976171578,7,2025-07-31T00:00:00
IRN,gadm_IRN.13.6_1,6575447.881599999,6458433.248999999,117014.63259999998,0.9822043099258012,20.24088626823678,244,0.9525427215508585,33,2025-07-31T00:00:00
IRN,gadm_IRN.23.1_1,9633249.7286,8969462.5456,663787.183,0.9310941580773836,20.240116879399277,245,0.9710002364739421,21,2025-07-31T00:00:00
CHN,gadm_CHN.6.2_1,13679908.717000004,12121672.169000003,1558236.548,0.886093059519938,20.23787757399866,246,1.0630966453546344,112,2025-07-31T00:00:00
CHN,ghs-fua_10331,10323941.638599996,9510958.787399998,812982.8511999999,0.9212526688294757,20.231908650304206,247,1.0507447252300623,133,2025-07-31T00:00:00
CHN,ghs-fua_7094,13678655.626599995,12110380.404599996,1568275.222,0.885348731278074,20.230426558702945,248,1.062701392535161,113,2025-07-31T00:00:00
CHN,gadm_CHN.30.11_1,6122533.596800002,6063130.437400002,59403.15939999997,0.9902976180594504,20.22475842717431,249,1.0268847496043452,183,2025-07-31T00:00:00
ZAF,gadm_ZAF.3.1_1,10442175.6106,9593607.8506,848567.76,0.9187364978674936,20.221775284651137,250,1.1405615448899131,2,2025-07-31T00:00:00
PAK,gadm_PAK.8.6_1,5830580.5419999985,5810917.502999999,19663.038999999997,0.9966276018557056,20.22069309396117,251,1.1228511029503756,14,2025-07-31T00:00:00
CHN,gadm_CHN.30.2_1,6633456.372600001,6492215.483800001,141240.88880000002,0.9787077986397248,20.219257612201005,252,1.0303090727373903,180,2025-07-31T00:00:00
CHN,gadm_CHN.19.5_1,9491587.4138,8834584.6596,657002.7542000001,0.9307805190473438,20.218446852369127,253,1.0463709344379148,150,2025-07-31T00:00:00
CHN,gadm_CHN.22.3_1,7611855.210999999,7306369.382999999,305485.82800000004,0.959867099474181,20.21723417720219,254,1.0364754028931027,169,2025-07-31T00:00:00
IRN,gadm_IRN.28.9_1,6991499.1274,6790955.1438,200543.9836,0.9713160253694292,20.21702820787889,255,0.9544481138121896,31,2025-07-31T00:00:00
USA,gadm_USA.33.24_1,20412194.035199992,17028372.131199993,3383821.904000001,0.8342254684545553,20.206981351220193,256,0.9976148820034266,21,2025-07-31T00:00:00
CHN,gadm_CHN.31.8_1,9885553.6914,9135911.929,749641.7624000001,0.9241679539860114,20.205723483000707,257,1.0474939438809348,146,2025-07-31T00:00:00
IND,gadm_IND.29.17_1,6894827.589999996,6699397.274599996,195430.31539999993,0.97165551816213,20.20237474546436,258,1.1791667821843752,7,2025-07-31T00:00:00
CHN,ghs-fua_9711,25241943.064399995,20410612.458799995,4831330.605599999,0.8085991005813704,20.199878719746835,259,1.0858873853236692,66,2025-07-31T00:00:00
CHN,gadm_CHN.23.12_1,11926031.3902,10725230.2994,1200801.0908,0.8993126001842712,20.198129971958107,260,1.055202015940655,126,2025-07-31T00:00:00
IRN,ghs-fua_3677,6060610.0618,5986982.3252,73627.7366,0.9878514314814484,20.188680686796282,261,0.9460306073303514,34,2025-07-31T00:00:00
CHN,gadm_CHN.14.6_1,8665243.2634,8141768.5896,523474.67379999976,0.9395891542928706,20.188248053016277,262,1.0407886073666066,163,2025-07-31T00:00:00
USA,ghs-fua_6948,36464066.754,27845148.4542,8618918.2998,0.7636325548122103,20.16603427249675,263,1.0168080471545131,12,2025-07-31T00:00:00
CHN,gadm_CHN.8.3_1,9319198.938599998,8645252.416599998,673946.522,0.9276819256203962,20.165545172425112,264,1.0428288401989714,159,2025-07-31T00:00:00
CHN,ghs-fua_9963,24431807.149,19753679.3742,4678127.774799999,0.8085230557743873,20.16044126414169,265,1.0824948779000227,76,2025-07-31T00:00:00
CHN,gadm_CHN.5.2_1,7190738.79,6911220.5476,279518.24239999993,0.9611280216729998,20.156562419786255,266,1.0307924687104069,179,2025-07-31T00:00:00
JPN,gadm_JPN.12.123_1,8900056.247,8301679.484599999,598376.7624000001,0.9327670808146074,20.15653945932955,267,1.0739500305839473,6,2025-07-31T00:00:00
DEU,ghs-fua_4946,32894460.259400003,25465372.189000003,7429088.070400001,0.7741538237193892,20.15598151602108,268,1.1154142191168488,2,2025-07-31T00:00:00
CHN,gadm_CHN.26.10_1,8466879.673399998,7948805.792799997,518073.88060000015,0.9388117109745152,20.151541198726875,269,1.0378688532266467,168,2025-07-31T00:00:00
CHN,gadm_CHN.25.8_1,12328083.7338,10975620.0696,1352463.6642000002,0.8902940884079218,20.15088093085244,270,1.0541424653868243,127,2025-07-31T00:00:00
CHN,gadm_CHN.18.5_1,7281502.215000002,6981558.919400002,299943.29559999995,0.9588074978564022,20.150576373554813,271,1.0310547281254314,178,2025-07-31T00:00:00
TKM,gadm_TKM.5.12_1,5925497.280799999,5847550.941399999,77946.33939999998,0.9868456037179252,20.15012402846994,272,1.1529623057967364,3,2025-07-31T00:00:00
JPN,gadm_JPN.19.29_1,14121846.2372,12324251.631600002,1797594.6055999994,0.8727082439925775,20.14482333819486,273,1.073325790065067,7,2025-07-31T00:00:00
CHN,gadm_CHN.10.6_1,11514492.966399996,10337072.227999998,1177420.7384,0.8977444563268409,20.139301370106583,274,1.0506310832027743,135,2025-07-31T00:00:00
USA,gadm_USA.5.37_1,23155373.428800005,18812382.885200005,4342990.543600001,0.812441351595811,20.136716517066212,275,0.9988731204618785,18,2025-07-31T00:00:00
ITA,ghs-fua_4333,13952766.5452,12184968.9032,1767797.6419999995,0.8733012814144624,20.1359382714613,276,0.9871767062901788,4,2025-07-31T00:00:00
CHL,ghs-fua_2072,13446867.637799997,11804826.859199995,1642040.7786,0.87788674486658,20.135894869766034,277,1.226732046919948,1,2025-07-31T00:00:00
IRN,gadm_IRN.22.1_1,9522443.619400002,8774558.023600003,747885.5958000002,0.9214607483444336,20.132674827481612,278,0.9653013498199375,23,2025-07-31T00:00:00
JOR,ghs-fua_567,7314444.535600001,6990767.482200001,323677.05340000003,0.9557482387316444,20.127321270623032,279,1.2734489432389866,1,2025-07-31T00:00:00
USA,ghs-fua_7347,23413686.50920001,18941770.52520001,4471915.984,0.8090041915337494,20.11489535234363,280,0.9982027840543903,19,2025-07-31T00:00:00
CHN,gadm_CHN.28.10_1,5748758.695600002,5674638.969800002,74119.7258,0.9871068295392657,20.11343767984999,281,1.018310419121032,203,2025-07-31T00:00:00
USA,ghs-fua_6237,17840252.344199993,15003461.513999991,2836790.8301999997,0.8409893102704759,20.113060423740954,282,0.9878563060014681,23,2025-07-31T00:00:00
CHN,ghs-fua_5723,16162819.2158,13775769.2084,2387050.0074000005,0.8523122745154178,20.10687896847569,283,1.0631132762166648,111,2025-07-31T00:00:00
EGY,ghs-fua_4710,5562564.724600002,5509291.788200002,53272.936400000006,0.9904229543317664,20.10179309412428,284,1.1967945293072504,2,2025-07-31T00:00:00
USA,ghs-fua_2204,22620203.7712,18340819.672799997,4279384.0984000005,0.810815846679131,20.092433442313606,285,0.9958070821618981,22,2025-07-31T00:00:00
CHN,gadm_CHN.18.8_1,6969201.404800001,6678774.5502,290426.8546,0.9583270969325164,20.09013050285669,286,1.0259774943151958,186,2025-07-31T00:00:00
CHN,gadm_CHN.22.4_1,5793152.635000001,5697312.579600001,95840.0554,0.9834563213782818,20.089270823709356,287,1.0174445877344391,206,2025-07-31T00:00:00
CHN,gadm_CHN.30.9_1,5553615.5784,5493269.0988,60346.479599999984,0.9891338392533487,20.087697257564606,288,1.0153971744709938,211,2025-07-31T00:00:00
CHN,gadm_CHN.30.1_1,5648686.871399999,5573661.251199999,75025.62019999999,0.9867180422799032,20.087117762529857,289,1.0161600964039512,210,2025-07-31T00:00:00
USA,gadm_USA.5.19_1,65164532.56520001,45188107.80780001,19976424.7574,0.6934463584556109,20.08076747901433,290,1.032284265899542,8,2025-07-31T00:00:00
TKM,gadm_TKM.5.1_1,5556582.616799999,5489637.662399999,66944.9544,0.9879521355090454,20.077376653490443,291,1.14641429328178,4,2025-07-31T00:00:00
CHN,gadm_CHN.28.15_1,9795725.345599998,8934058.664399998,861666.6811999999,0.912036459700553,20.07710021781947,292,1.0404293840205239,164,2025-07-31T00:00:00
BGD,ghs-fua_3705,8283360.967400001,7734791.179800001,548569.7875999999,0.9337744920499116,20.07571347446207,293,1.2602646952299468,1,2025-07-31T00:00:00
UZB,gadm_UZB.13.1_1,10938761.243599996,9818566.239599995,1120195.004,0.8975939798799979,20.074302968822824,294,1.185778312193328,3,2025-07-31T00:00:00
UZB,ghs-fua_1981,5825274.7562,5713628.6466,111646.1096,0.9808341899270636,20.071896227296403,295,1.175712080640347,4,2025-07-31T00:00:00
CHN,gadm_CHN.6.5_1,6965156.9206,6659925.8637999995,305231.0568,0.9561774328590852,20.06906774091961,296,1.0248755213144782,190,2025-07-31T00:00:00
IRN,gadm_IRN.10.3_1,5905798.908400004,5777059.903800004,128739.0046,0.9782012549704512,20.064954733183477,297,0.938944928264621,35,2025-07-31T00:00:00
CHN,gadm_CHN.12.10_1,8281714.181000002,7723063.483600002,558650.6974,0.9325440741867592,20.063702891122674,298,1.0323654361132817,175,2025-07-31T00:00:00
AZE,gadm_AZE.1.2_1,9791140.3876,8915911.2674,875229.1202,0.9106100938652216,20.062740193514706,299,1.2317274313610278,1,2025-07-31T00:00:00
CHN,gadm_CHN.11.6_1,8972731.5952,8267458.203800001,705273.3913999998,0.9213981401408142,20.0575757158546,300,1.0355860616047743,171,2025-07-31T00:00:00
CHN,gadm_CHN.14.9_1,6058888.531400001,5898489.131600001,160399.3998,0.9735265966738396,20.054086551218496,301,1.0177374195300386,204,2025-07-31T00:00:00
IRQ,gadm_IRQ.10.1_1,6785306.644200005,6498492.843200005,286813.801,0.9577301637140948,20.050401682196576,302,1.2302063836726458,2,2025-07-31T00:00:00
CHN,gadm_CHN.13.17_1,10119906.554,9158292.8372,961613.7167999998,0.9049780043255524,20.049395878558013,303,1.040404055095314,165,2025-07-31T00:00:00
USA,gadm_USA.5.33_1,19283836.7184,15914063.154400002,3369773.564,0.8252539879273779,20.048415920191104,304,0.9876408941931777,24,2025-07-31T00:00:00
CHN,gadm_CHN.6.6_1,9142991.914199997,8388271.685199997,754720.2289999999,0.9174536917365264,20.043191825702728,305,1.0356670737620282,170,2025-07-31T00:00:00
CHN,gadm_CHN.17.9_1,6654781.287400001,6385537.202400001,269244.085,0.9595412571244408,20.042715529310016,306,1.0214592855051283,198,2025-07-31T00:00:00
USA,ghs-fua_6433,33911744.80120001,25758819.95160001,8152924.849600001,0.7595840350476011,20.03987090987936,307,1.007887097585187,15,2025-07-31T00:00:00
IRN,gadm_IRN.24.17_1,5143910.346999998,5115595.258599998,28315.0884,0.994495415648814,20.038283127342833,308,0.9307582059137158,36,2025-07-31T00:00:00
CHN,gadm_CHN.25.4_1,8446832.326399999,7826703.054599999,620129.2718000001,0.926584398998684,20.03153626444046,309,1.0315835089661762,176,2025-07-31T00:00:00
CHN,ghs-fua_2293,9921083.6082,8984988.308600001,936095.2996,0.9056458612216214,20.031187762858465,310,1.0386011322528936,167,2025-07-31T00:00:00
CHN,gadm_CHN.23.16_1,11516752.647600004,10210102.787200002,1306649.8604,0.8865435509138684,20.030273007857478,311,1.044951610646234,157,2025-07-31T00:00:00
CHN,gadm_CHN.31.9_1,11733027.038399998,10367996.842199998,1365030.1961999994,0.8836591621469454,20.02502183738274,312,1.0454673575494295,154,2025-07-31T00:00:00
CHN,gadm_CHN.11.8_1,8483458.931200001,7847759.830400001,635699.1008000001,0.9250660484178144,20.022436540982596,313,1.0313058929591705,177,2025-07-31T00:00:00
OMN,ghs-fua_1110,14494955.1496,12423385.831,2071569.3185999987,0.8570834268047276,20.022147164872425,314,1.2142500560828364,3,2025-07-31T00:00:00
CHN,gadm_CHN.23.17_1,11005497.5198,9809571.472,1195926.0477999998,0.8913337588193165,20.020934738724726,315,1.0425298838578063,161,2025-07-31T00:00:00
CHN,gadm_CHN.17.1_1,6197899.251399999,5991907.395399999,205991.85599999997,0.9667642458122452,20.01975870448652,316,1.0170383536148417,208,2025-07-31T00:00:00
ARG,gadm_ARG.5.1_1,8113277.313200003,7549503.899000002,563773.4142,0.9305122464774176,20.018427421226615,317,1.0200871486346277,2,2025-07-31T00:00:00
IRN,gadm_IRN.26.2_1,5003257.345600001,4984338.070400001,18919.275200000004,0.9962186084198452,20.018281765246233,318,0.9284228390927793,39,2025-07-31T00:00:00
CHN,ghs-fua_7578,16178885.038200006,13639475.609000005,2539409.4292,0.8430417532973258,20.015752448415608,319,1.0583356237093038,119,2025-07-31T00:00:00
CAN,ghs-fua_2626,67943285.46559998,46405211.809399985,21538073.65619999,0.6829992322478308,20.01432897652094,320,1.1097995393486983,1,2025-07-31T00:00:00
CHN,gadm_CHN.10.7_1,7382408.900999997,6956947.123999997,425461.7769999999,0.9423681642800404,20.01213886746864,321,1.024589554745306,191,2025-07-31T00:00:00
CHN,gadm_CHN.8.6_1,7365184.028200001,6942121.686200001,423062.34200000006,0.9425591620820106,20.0109949633214,322,1.0244261217466462,192,2025-07-31T00:00:00
IND,gadm_IND.36.3_1,7228106.864399997,6829048.668199996,399058.19619999995,0.9447907725098188,20.008366451562214,323,1.1678429582022942,8,2025-07-31T00:00:00
CHN,ghs-fua_9725,13109500.760399995,11379738.830799997,1729761.9295999992,0.8680527991710326,20.008024646404067,324,1.0492472249901927,141,2025-07-31T00:00:00
IRN,gadm_IRN.21.3_1,5268608.419400001,5204005.667400001,64602.751999999986,0.9877381754616416,20.006592330856694,325,0.9304964409758892,37,2025-07-31T00:00:00
IRN,gadm_IRN.13.10_1,4964003.649399999,4943640.551199999,20363.098200000004,0.9958978478586612,20.005092862366624,326,0.9274109555847628,41,2025-07-31T00:00:00
IND,gadm_IND.36.15_1,7716327.044600001,7212098.033600001,504229.0110000002,0.9346542716391386,19.994719087175284,327,1.1670463925038461,9,2025-07-31T00:00:00
CHN,gadm_CHN.22.9_1,7088484.213199999,6703937.294999999,384546.9182,0.9457504726491588,19.992738243792104,328,1.021769601878883,197,2025-07-31T00:00:00
IND,gadm_IND.36.16_1,5552145.010200002,5430085.188600002,122059.82159999997,0.9780157360127012,19.983758253575296,329,1.166406633512688,10,2025-07-31T00:00:00
AZE,ghs-fua_1744,11385112.8398,10055470.856,1329641.9837999998,0.8832122261316685,19.983634588928243,330,1.229927335679001,2,2025-07-31T00:00:00
CHN,gadm_CHN.16.6_1,10698335.925,9527705.5186,1170630.4064,0.8905782717418269,19.97864479763799,331,1.0391188447749429,166,2025-07-31T00:00:00
TKM,ghs-fua_1248,5270344.403999999,5189527.025199999,80817.3788,0.9846656361321164,19.978484848347254,332,1.1387997923709692,5,2025-07-31T00:00:00
CHN,gadm_CHN.8.7_1,6135083.131000002,5911276.524400002,223806.60659999997,0.9635201998373704,19.976297280293984,333,1.0143634193391726,213,2025-07-31T00:00:00
CHN,gadm_CHN.17.8_1,7118044.1658,6711444.4024,406599.7634,0.9428776003732056,19.97081553987483,334,1.0208365254101472,200,2025-07-31T00:00:00
CHN,gadm_CHN.23.1_1,8629468.9392,7913534.887,715934.0522000002,0.9170361400864638,19.966907498646094,335,1.0291959422178356,181,2025-07-31T00:00:00
KAZ,gadm_KAZ.1.7_1,6032810.067799998,5819911.746399999,212898.32140000004,0.964709924727062,19.965956217122244,336,1.102591935530193,7,2025-07-31T00:00:00
IND,gadm_IND.5.26_1,5658447.542799999,5507647.889799999,150799.65300000008,0.9733496419540228,19.964631976091212,337,1.1652902760863841,11,2025-07-31T00:00:00
IND,gadm_IND.5.27_1,4835261.619999999,4811225.724399999,24035.89559999999,0.9950290392766792,19.96297363825802,338,1.1651934826692152,12,2025-07-31T00:00:00
IRN,gadm_IRN.7.13_1,5233368.404,5148599.3726,84769.03139999998,0.9838022044587558,19.961382198582257,339,0.9280557949622306,40,2025-07-31T00:00:00
IND,gadm_IND.20.22_1,6204097.164200005,5958121.020000005,245976.14419999995,0.9603526286436364,19.960868738283605,340,1.1650706244329472,13,2025-07-31T00:00:00
DEU,ghs-fua_536,41873120.714200005,30503456.07800001,11369664.6362,0.7284734349321063,19.956001168230777,341,1.1370840609592636,1,2025-07-31T00:00:00
PHL,ghs-fua_2845,17177146.671000004,14247456.733600004,2929689.937399999,0.8294425731168632,19.952018605738456,342,1.1976655438701178,1,2025-07-31T00:00:00
CHN,gadm_CHN.7.12_1,6309906.182199999,6038736.897199999,271169.2850000001,0.9570248309293476,19.951187364991945,343,1.014373420391718,212,2025-07-31T00:00:00
USA,ghs-fua_6451,45342436.0846,32607652.449600004,12734783.635000002,0.7191420502586271,19.947806208991597,344,1.0133296094455693,14,2025-07-31T00:00:00
UZB,ghs-fua_3895,4961025.2206000015,4909168.518000001,51856.70260000001,0.9895471802109224,19.94556868346069,345,1.1656701299860441,5,2025-07-31T00:00:00
USA,ghs-fua_6487,16531035.391600002,13773166.784000002,2757868.6076,0.833170243589136,19.943273794202188,346,0.9766066367464682,29,2025-07-31T00:00:00
BEL,ghs-fua_1269,19613503.20600001,15940509.550000008,3672993.656000002,0.812731381160078,19.942509215330833,347,1.1876388286960466,1,2025-07-31T00:00:00
NPL,gadm_NPL.1.1_1,5258626.755399999,5156700.750399999,101926.00499999998,0.9806173722264404,19.938022742095058,348,1.2883704233358642,1,2025-07-31T00:00:00
CHN,ghs-fua_8189,12256387.073600002,10652150.312400002,1604236.7611999998,0.8691101422004294,19.93622935434925,349,1.0426687212086867,160,2025-07-31T00:00:00
PAK,gadm_PAK.5.8_1,4909172.96,4859624.1,49548.85999999999,0.9899068824008188,19.93530065040813,350,1.0917069082881354,15,2025-07-31T00:00:00
PAK,gadm_PAK.8.3_1,4565537.084400002,4563197.047800002,2340.0366000000004,0.9994874564466916,19.929545397677686,351,1.0848373334529762,16,2025-07-31T00:00:00
IRN,ghs-fua_3633,4856600.7218,4809684.092800001,46916.629000000015,0.9903396157750002,19.925366479147883,352,0.922605847385838,43,2025-07-31T00:00:00
CHN,ghs-fua_10339,7880765.530799997,7285160.334799997,595605.1960000001,0.9244229264692336,19.92382101004568,353,1.0229752083330215,194,2025-07-31T00:00:00
TKM,gadm_TKM.6.6_1,4649146.313200002,4629719.071600001,19427.241600000005,0.9958213314249024,19.91936166406928,354,1.1307232371426226,6,2025-07-31T00:00:00
CHN,gadm_CHN.25.1_1,8406533.9376,7695823.8218,710710.1158,0.9154574143070786,19.919081343634467,355,1.0255821699870942,187,2025-07-31T00:00:00
COL,gadm_COL.5.1_2,9859183.293,8818958.3728,1040224.9201999998,0.8944917759122546,19.915630972690316,356,1.2227319839494757,1,2025-07-31T00:00:00
UZB,ghs-fua_3697,5381573.1226,5245268.655800001,136304.4668,0.9746720032052364,19.912511474867557,357,1.1650815792637066,6,2025-07-31T00:00:00
CHN,gadm_CHN.26.20_1,8921102.101599999,8085172.8089999985,835929.2925999996,0.9062975310584018,19.905344550485765,358,1.0274747616206594,182,2025-07-31T00:00:00
IND,gadm_IND.5.22_1,4575879.481000002,4559953.977000002,15925.503999999995,0.9965196845620332,19.90517748371784,359,1.1618200522467803,14,2025-07-31T00:00:00
CHN,gadm_CHN.6.13_1,5912361.253799999,5677396.287599999,234964.96619999997,0.9602586925741416,19.89852168100759,360,1.0087203011155714,218,2025-07-31T00:00:00
ZAF,gadm_ZAF.3.2_1,6769999.561999999,6376367.223199999,393632.3388,0.9418563716001612,19.897725044647018,361,1.056776217723269,5,2025-07-31T00:00:00
CHN,ghs-fua_9718,10667745.241400003,9415162.353800004,1252582.8876000002,0.8825822271477852,19.897471542255566,362,1.0347748729832476,173,2025-07-31T00:00:00
CHN,gadm_CHN.19.9_1,6612432.8445999995,6246214.154999999,366218.6895999998,0.944616648938965,19.893941604702103,363,1.013588388594881,215,2025-07-31T00:00:00
IRN,gadm_IRN.20.10_1,5356174.6488,5211792.7584,144381.8904,0.9730438419456044,19.891297655369932,364,0.9259600463418509,42,2025-07-31T00:00:00
IRN,ghs-fua_6042,4720676.063,4676362.4682,44313.59480000001,0.9906128710785044,19.891147818013305,365,0.9195798675351,44,2025-07-31T00:00:00
CHN,ghs-fua_7744,8590182.659400001,7811977.884800001,778204.7745999998,0.909407656920027,19.888124364012853,366,1.0249354060860278,189,2025-07-31T00:00:00
IRN,gadm_IRN.28.2_1,11014885.979,9658862.9732,1356023.0058,0.8768917800524425,19.88148374372243,367,0.9599679992873988,28,2025-07-31T00:00:00
CHN,gadm_CHN.26.7_1,6089657.5796,5810675.802399999,278981.77719999995,0.9541876084897494,19.879321820701485,368,1.009099722972796,217,2025-07-31T00:00:00
CHN,gadm_CHN.1.6_1,9004005.0558,8124057.503,879947.5527999998,0.9022715394597456,19.878168132791508,369,1.0264744732217408,185,2025-07-31T00:00:00
IND,gadm_IND.34.71_1,4473939.080800001,4458551.997,15387.083799999997,0.9965607301480626,19.8763131034576,370,1.160135303853582,15,2025-07-31T00:00:00
IDN,ghs-fua_4897,17927813.223199993,14635015.776999991,3292797.4462000025,0.8163302235914158,19.871846543233122,371,1.1897981341548494,1,2025-07-31T00:00:00
CHN,gadm_CHN.5.13_1,4894204.0512,4811769.454,82434.59719999999,0.983156689762498,19.868962958405792,372,0.9984510273320022,240,2025-07-31T00:00:00
BRA,gadm_BRA.25.565_2,6098909.945600001,5810545.554800001,288364.3908,0.9527187000017868,19.867483952919354,373,1.1942420201941508,2,2025-07-31T00:00:00
IRN,gadm_IRN.5.5_1,5917043.559599999,5660058.0692,256985.4904,0.95656859919798,19.865007389085932,374,0.9296822197627661,38,2025-07-31T00:00:00
CHN,ghs-fua_9701,14604828.7704,12266935.9702,2337892.8002,0.839923299550196,19.861463667071888,375,1.0460128412664047,152,2025-07-31T00:00:00
CHN,gadm_CHN.4.5_1,6295436.3549999995,5966312.977399999,329123.37760000007,0.94772032325629,19.860862875686568,376,1.0096767208058437,216,2025-07-31T00:00:00
NGA,ghs-fua_6995,5888238.744799998,5631522.755799998,256715.98900000012,0.9564019055398,19.857231461699843,377,1.1279467206878988,3,2025-07-31T00:00:00
TKM,gadm_TKM.4.7_1,4435281.9207999995,4412298.779999999,22983.140800000012,0.9948181105033668,19.849046945491303,378,1.1249509279614889,9,2025-07-31T00:00:00
CHN,gadm_CHN.6.11_1,8502228.327800002,7707320.141400002,794908.1864,0.9065058998944002,19.847524566161766,379,1.0223932801871904,195,2025-07-31T00:00:00
PER,ghs-fua_2327,7651102.428200003,7037501.811400003,613600.6167999998,0.9198023261930952,19.842771343193125,380,1.251881395715857,1,2025-07-31T00:00:00
CHN,gadm_CHN.19.12_1,5196050.615400001,5048534.217400001,147516.398,0.9716098997259972,19.83902781821424,381,0.9997431070989564,239,2025-07-31T00:00:00
IRN,gadm_IRN.26.7_1,4738051.0692,4663053.9904,74997.07880000002,0.9841713232498646,19.836494797322278,382,0.9172395796755061,46,2025-07-31T00:00:00
IRN,gadm_IRN.11.13_1,4266036.1034,4261500.924400001,4535.178999999999,0.9989369103096936,19.836317036809923,383,0.9118730350476247,49,2025-07-31T00:00:00
PER,gadm_PER.15.1_1,6970906.603200003,6492433.295000003,478473.30819999985,0.9313613945164096,19.83549914046658,384,1.2428834009017633,2,2025-07-31T00:00:00
USA,ghs-fua_5543,55510041.80880001,38139983.0432,17370058.765600007,0.6870825854278796,19.83371687601378,385,1.0143167949867744,13,2025-07-31T00:00:00
CHN,gadm_CHN.26.22_1,7542352.582800002,6941167.661200002,601184.9216000001,0.9202921217219444,19.829503768207832,386,1.0161910030539336,209,2025-07-31T00:00:00
AUS,ghs-fua_1830,12877700.0072,10969290.0682,1908409.9390000005,0.8518050631764215,19.82664982304077,387,1.1949870412908357,1,2025-07-31T00:00:00
CHN,gadm_CHN.1.4_1,7983614.058799999,7283258.720799999,700355.3379999998,0.9122759025120926,19.82425816182949,388,1.018434585899458,202,2025-07-31T00:00:00
CHN,gadm_CHN.22.2_1,8694966.665199997,7833075.296999997,861891.3681999999,0.9008746782607504,19.821421683227648,389,1.0220263507045297,196,2025-07-31T00:00:00
USA,ghs-fua_1255,37523438.4774,27290383.4216,10233055.0558,0.7272889833386866,19.818893231310337,390,1.0002977735422693,17,2025-07-31T00:00:00
CHN,gadm_CHN.11.5_1,6006682.635600003,5703927.452400004,302755.18319999997,0.949596940346798,19.818872184293838,391,1.0054056623629306,227,2025-07-31T00:00:00
CAN,gadm_CAN.2.14_1,21748513.3138,17142771.3166,4605741.997199999,0.7882272718716117,19.816825546148426,392,1.0058359423734604,3,2025-07-31T00:00:00
IRN,gadm_IRN.9.2_1,4678999.619200001,4602683.602600001,76316.01660000003,0.9836896724062892,19.815871402342133,393,0.9156500850552618,48,2025-07-31T00:00:00
USA,ghs-fua_6192,20886401.094200004,16549820.971400002,4336580.122800001,0.7923730324223144,19.811308754160706,394,0.9789328436587442,27,2025-07-31T00:00:00
CHN,ghs-fua_10220,6266634.798599999,5905754.393999999,360880.4046000001,0.9424124085417228,19.80520187179233,395,1.0066391205438665,226,2025-07-31T00:00:00
IND,gadm_IND.5.31_1,4294906.7332,4270362.876999999,24543.8562,0.9942853575817436,19.802455183405204,396,1.1558243846163985,16,2025-07-31T00:00:00
ZAF,gadm_ZAF.9.3_1,8983287.4422,8035928.1258,947359.3164000004,0.8945420234523863,19.80105475286264,397,1.0945937501685312,3,2025-07-31T00:00:00
CHN,gadm_CHN.7.13_1,6134422.7974,5793282.8242,341139.9732,0.9443892303372718,19.79675605523382,398,1.0052417185296283,228,2025-07-31T00:00:00
CHN,gadm_CHN.13.9_1,8053924.237199999,7313079.116199999,740845.121,0.9080143915958216,19.79453629760316,399,1.0172929546721334,207,2025-07-31T00:00:00
TKM,ghs-fua_899,4338810.6126,4303510.941799999,35299.67080000001,0.9918642056656058,19.793440211619714,400,1.120966350687614,10,2025-07-31T00:00:00
CHN,ghs-fua_7359,9996408.9318,8797555.081799999,1198853.85,0.8800715478749299,19.79327243372754,401,1.0265888636189138,184,2025-07-31T00:00:00
CAN,ghs-fua_3485,38597206.695400015,27853425.512200013,10743781.183200004,0.7216435565405712,19.791784105615715,402,1.0528584214151522,2,2025-07-31T00:00:00
COL,ghs-fua_4048,11849708.071,10172027.5882,1677680.4828000006,0.8584201000777548,19.790541801592553,403,1.2150520600466528,2,2025-07-31T00:00:00
IRN,gadm_IRN.6.4_1,4946256.7408,4811563.1794,134693.56139999998,0.9727685867397544,19.78653506781961,404,0.9170987723286557,47,2025-07-31T00:00:00
KAZ,gadm_KAZ.12.9_1,4459008.18,4401121.646,57886.53400000002,0.9870180695654164,19.784312867131433,405,1.0787742584960638,9,2025-07-31T00:00:00
IND,gadm_IND.29.22_1,4531698.514,4462292.659,69405.855,0.9846843617717328,19.783747808158903,406,1.15473247756338,17,2025-07-31T00:00:00
CHN,gadm_CHN.31.3_1,9312763.345199998,8269405.458199997,1043357.8870000005,0.8879647373904578,19.782274525623002,407,1.0229788421609771,193,2025-07-31T00:00:00
NGA,ghs-fua_2526,4078513.8557999968,4075038.5293999966,3475.3263999999967,0.9991478939332136,19.77983444809252,408,1.0856651325478814,4,2025-07-31T00:00:00
KOR,ghs-fua_2453,12581908.448,10692259.0576,1889649.3904,0.8498121808619283,19.778960149879133,409,0.8741945943375592,3,2025-07-31T00:00:00
ARG,gadm_ARG.1.62_1,5405281.420800002,5187064.524400002,218216.89639999997,0.9596289481690478,19.778232718245857,410,0.9765805097647544,3,2025-07-31T00:00:00
USA,ghs-fua_4444,21389078.53400001,16814419.221200008,4574659.3127999995,0.7861217206936644,19.77595562104099,411,0.9780644680708337,28,2025-07-31T00:00:00
CHN,gadm_CHN.6.14_1,6585992.950800001,6142245.182200001,443747.7685999999,0.9326224956639078,19.775878052258687,412,1.0073928265386876,224,2025-07-31T00:00:00
PAK,gadm_PAK.5.4_1,4883273.9914,4751533.3422,131740.64920000004,0.9730220648212632,19.77242705945447,413,1.0823156284895483,17,2025-07-31T00:00:00
USA,ghs-fua_3652,16493233.259400005,13462666.299400004,3030566.96,0.816253919875123,19.771852833946728,414,0.9681252024286878,30,2025-07-31T00:00:00
IND,gadm_IND.36.14_1,4183612.7325999993,4160408.4693999994,23204.263200000005,0.9944535346163412,19.769952618906373,415,1.1539272836628864,18,2025-07-31T00:00:00
RUS,ghs-fua_6191,16422288.519800002,13407565.3054,3014723.2144000004,0.816424902609328,19.768428581038684,416,1.055849767773842,2,2025-07-31T00:00:00
PAK,ghs-fua_3270,4278448.969,4239593.68,38855.289,0.990918370353011,19.766630754668377,417,1.0700990190939956,18,2025-07-31T00:00:00
IND,gadm_IND.5.10_1,4379731.448999998,4325003.526599999,54727.9224,0.9875042743973502,19.765593137778673,418,1.1536728306395112,19,2025-07-31T00:00:00
BRA,ghs-fua_6961,6150667.417600002,5782880.539200002,367786.8784000001,0.9402037448248972,19.760849120237406,419,1.1881106992687203,3,2025-07-31T00:00:00
RUS,ghs-fua_5816,6321004.516,5918722.7762,402281.7398,0.9363579414028692,19.759248064502263,420,1.055359428027651,3,2025-07-31T00:00:00
IND,gadm_IND.34.36_1,4269651.8462,4228247.949999999,41403.8962,0.9903027465256096,19.758326973679235,421,1.153248721125263,20,2025-07-31T00:00:00
BGD,gadm_BGD.3.1_1,6042270.9131999975,5693622.559999998,348648.3531999999,0.9422984572839428,19.7579966417457,422,1.2125400478998514,2,2025-07-31T00:00:00
CAN,ghs-fua_375,20113917.348400004,15915450.115200002,4198467.2332000015,0.7912655620246954,19.75583683410278,423,0.9959198849837336,4,2025-07-31T00:00:00
CHL,gadm_CHL.14.5_1,9309154.614599995,8239245.908199997,1069908.7064,0.8850691871932161,19.753918643394716,424,1.1740299792228768,2,2025-07-31T00:00:00
OMN,gadm_OMN.2.4_1,4523461.949199998,4439046.137799998,84415.81140000002,0.9813382289166974,19.750632301193768,425,1.0868040557390426,6,2025-07-31T00:00:00
ETH,gadm_ETH.10.19_1,4208688.651799999,4171486.5707999994,37202.08099999999,0.9911606478697138,19.74756629405911,426,1.2589187380773135,2,2025-07-31T00:00:00
DEU,gadm_DEU.3.1_1,24496955.1604,18807191.1974,5689763.962999999,0.7677358706114766,19.74722383783254,427,1.0519834611343313,3,2025-07-31T00:00:00
CHN,gadm_CHN.28.3_1,5113249.2634000005,4928322.9466,184926.3167999999,0.9638338936214826,19.746347353858635,428,0.9943277240575064,247,2025-07-31T00:00:00
CHN,ghs-fua_8332,12566964.1112,10639489.2724,1927474.8388,0.8466236696671884,19.74624947935341,429,1.033771735813823,174,2025-07-31T00:00:00
CHN,gadm_CHN.6.19_1,8617006.742999997,7704781.349399997,912225.3935999996,0.8941366276240825,19.745687891319303,430,1.0177303896651781,205,2025-07-31T00:00:00
IND,gadm_IND.5.20_1,4025051.669399999,4014014.759999999,11036.909400000004,0.9972579459081464,19.745442345548245,431,1.1524966746117078,21,2025-07-31T00:00:00
IND,gadm_IND.20.1_1,4639279.103800002,4532540.618800001,106738.48499999996,0.9769924415815872,19.74319011469177,432,1.1523652170060936,22,2025-07-31T00:00:00
IND,gadm_IND.20.26_1,8855077.200599998,7884150.718399998,970926.4822,0.890353696505976,19.743077792976557,433,1.1523586610423928,23,2025-07-31T00:00:00
AUS,ghs-fua_1266,16054803.110400004,13109085.746800004,2945717.3636000003,0.8165211156222888,19.742458286561245,434,1.1899126693733733,2,2025-07-31T00:00:00
CHN,gadm_CHN.5.11_1,5516534.8284,5255596.852,260937.97639999993,0.9526989342917496,19.739678786792382,435,0.997497732258913,242,2025-07-31T00:00:00
IRN,gadm_IRN.9.3_1,4356804.0528,4292919.6452,63884.407599999984,0.9853368646315542,19.738929023015178,436,0.9084717232847337,50,2025-07-31T00:00:00
CHN,gadm_CHN.15.8_1,10362500.588,9013913.6836,1348586.9043999997,0.8698589309648201,19.738459298619084,437,1.0252756526543263,188,2025-07-31T00:00:00
IND,gadm_IND.2.4_1,4465605.039600001,4382141.612400001,83463.4272,0.9813097158257696,19.733779711402725,438,1.1518159531148329,24,2025-07-31T00:00:00
IND,gadm_IND.16.4_1,4763876.8438,4627926.3628,135950.48100000003,0.971462217547262,19.726256368209604,439,1.1513768326403304,25,2025-07-31T00:00:00
CHN,gadm_CHN.26.6_1,6246421.656,5836268.7482,410152.9077999998,0.9343379409223797,19.72530631842566,440,1.0024322859924577,234,2025-07-31T00:00:00
RUS,gadm_RUS.50.25_1,15579585.5358,12744789.936599998,2834795.5992,0.818044222506049,19.721840362827095,441,1.0533614486250513,4,2025-07-31T00:00:00
IRN,gadm_IRN.26.6_1,3899758.465200001,3895917.699800001,3840.7654,0.9990151273638422,19.720384956015998,442,0.9019282556353306,55,2025-07-31T00:00:00
IND,gadm_IND.34.47_1,4153973.9397999984,4112311.4517999985,41662.488000000005,0.9899704503196748,19.719741473528444,443,1.150996573017675,26,2025-07-31T00:00:00
PAK,gadm_PAK.8.4_1,3898910.7212,3894400.3346,4510.386600000001,0.9988431675094598,19.718536635890317,444,1.0590322704485964,19,2025-07-31T00:00:00
USA,gadm_USA.14.16_1,45537925.270799994,31739752.432599995,13798172.8382,0.6969960147251654,19.71835934398265,445,1.0018189271733118,16,2025-07-31T00:00:00
IND,gadm_IND.32.5_1,4211771.192400001,4160033.7296000007,51737.46280000005,0.9877159844548632,19.716988527128414,446,1.1508358897817215,27,2025-07-31T00:00:00
JPN,ghs-fua_5005,8758032.0832,7785935.954800001,972096.1283999998,0.8890051875620881,19.71654313557926,447,1.0505068167177036,8,2025-07-31T00:00:00
CHN,ghs-fua_7952,6322989.262,5890388.9642,432600.2977999999,0.9315829459967856,19.714779196872342,448,1.0024472048005422,233,2025-07-31T00:00:00
IDN,ghs-fua_5107,5330042.512600001,5088219.225800001,241823.2867999999,0.954630139210271,19.71389422345014,449,1.1803409669532832,2,2025-07-31T00:00:00
CHN,gadm_CHN.28.13_1,4469891.736600001,4374820.220800001,95071.5158,0.9787306893763124,19.711320884452753,450,0.9862777249497563,264,2025-07-31T00:00:00
CHN,gadm_CHN.18.7_1,5006361.121400001,4819971.541600001,186389.5798,0.9627694496501128,19.70949011341403,451,0.9914915389995427,254,2025-07-31T00:00:00
USA,ghs-fua_5332,29089340.455799997,21657341.559799995,7431998.896000003,0.7445112615291981,19.707167462554484,452,0.9857635505950108,25,2025-07-31T00:00:00
IRN,ghs-fua_6211,4285866.6476,4216421.7195999995,69444.928,0.9837967595097976,19.703621453347292,453,0.9060097994758505,52,2025-07-31T00:00:00
ETH,ghs-fua_5821,5227394.242799998,4997703.406399998,229690.83640000003,0.9560601657859712,19.702416424702246,454,1.2736360994715827,1,2025-07-31T00:00:00
CHN,gadm_CHN.4.4_1,6416626.095399999,5956515.818599999,460110.2768,0.9282940489348682,19.70235532026705,455,1.0024774383186228,232,2025-07-31T00:00:00
CHN,gadm_CHN.26.4_1,7067638.259799997,6469761.704399997,597876.5554000003,0.9154064577978388,19.701871460285805,456,1.0067734133059667,225,2025-07-31T00:00:00
CHN,gadm_CHN.5.8_1,5050502.5922,4851939.3288,198563.26340000005,0.9606844547101786,19.70139684280163,457,0.9914918840148143,253,2025-07-31T00:00:00
FRA,gadm_FRA.8.3_1,8718628.1642,7740205.1356,978423.0286000004,0.8877778693880359,19.699213075717754,458,0.7973911959282111,3,2025-07-31T00:00:00
CHN,gadm_CHN.6.1_1,5417822.8054,5149362.2576,268460.54780000006,0.9504486290078696,19.69578372248688,459,0.9944507245803168,246,2025-07-31T00:00:00
ITA,gadm_ITA.5.4_1,10203589.1376,8849338.957999999,1354250.1795999997,0.8672770765916458,19.694575801385607,460,0.9203581538666625,5,2025-07-31T00:00:00
JPN,gadm_JPN.1.36_1,7646580.085999999,6909555.174199999,737024.9117999999,0.9036137850502074,19.688080389779916,461,1.0489903080539327,9,2025-07-31T00:00:00
IRN,gadm_IRN.7.11_1,3790961.4396,3789086.4552,1874.9844,0.9995054066284046,19.68807433370968,462,0.8989868291141746,56,2025-07-31T00:00:00
IND,gadm_IND.20.32_1,4577047.7024,4451516.2966,125531.40579999996,0.972573716954233,19.685159465409143,463,1.1489780996575238,28,2025-07-31T00:00:00
ZAF,ghs-fua_189,8289364.353599999,7400527.702199999,888836.6514000003,0.8927738468856197,19.68473045116353,464,1.0761820975450431,4,2025-07-31T00:00:00
CHN,ghs-fua_10328,6891767.145400001,6314299.942000001,577467.2034,0.9162091244209494,19.677975161967893,465,1.0044321106731071,229,2025-07-31T00:00:00
CHN,gadm_CHN.25.3_1,6869489.530599999,6294040.9777999995,575448.5528000001,0.9162312497549234,19.674137871897663,466,1.0040920796515218,230,2025-07-31T00:00:00
ZAF,gadm_ZAF.4.2_1,6137165.8742,5712866.9668000005,424298.9074,0.9308640313627976,19.670484026481272,467,1.0295429612717484,7,2025-07-31T00:00:00
IND,gadm_IND.2.2_1,4114862.615999997,4056908.895399997,57953.72059999997,0.985916001089646,19.670450558543646,468,1.1481195741328487,29,2025-07-31T00:00:00
USA,ghs-fua_5349,17088048.157400005,13701248.652600003,3386799.5048,0.8018030219950344,19.669606476873742,469,0.9644567496571327,31,2025-07-31T00:00:00
CHN,gadm_CHN.8.4_1,7623189.196800001,6871697.608600001,751491.5882000001,0.90142031519886,19.663419211302212,470,1.0081483787582388,221,2025-07-31T00:00:00
ARG,ghs-fua_358,4929541.526800002,4729617.706200002,199923.82060000004,0.9594437292975236,19.658982078908764,471,0.9634141669210315,5,2025-07-31T00:00:00
IRN,gadm_IRN.29.5_1,3783437.392600002,3769419.403400001,14017.989200000002,0.9962949065240466,19.656316189242247,472,0.8974338949913613,57,2025-07-31T00:00:00
CHN,gadm_CHN.28.5_1,6035713.2988,5621585.666999999,414127.6318000002,0.9313871267075696,19.654406090211353,473,0.9972804885141204,243,2025-07-31T00:00:00
CHN,gadm_CHN.7.10_1,7626827.872799999,6867054.599199999,759773.2736,0.9003814841148279,19.654133821876478,474,1.0076932664482254,222,2025-07-31T00:00:00
CHN,gadm_CHN.26.5_1,3813494.9096,3794129.5252,19365.384400000003,0.9949218800971124,19.654101483632616,475,0.9758685427873981,286,2025-07-31T00:00:00
IND,gadm_IND.34.8_1,3682791.399599998,3681989.1301999977,802.2693999999996,0.999782157251674,19.65296021215628,476,1.147098702293338,30,2025-07-31T00:00:00
IRN,gadm_IRN.1.3_1,5740486.879399998,5383668.267999998,356818.6114,0.9378417512492782,19.651547851926633,477,0.9182106026811783,45,2025-07-31T00:00:00
IRN,gadm_IRN.4.5_1,4219458.3242,4133402.6662,86055.65800000001,0.979605046101192,19.645105146991895,478,0.902523675118118,53,2025-07-31T00:00:00
OMN,gadm_OMN.11.2_1,6459345.528000001,5949867.732800001,509477.7951999998,0.9211254773426328,19.643249662179095,479,1.1164019868688952,4,2025-07-31T00:00:00
CHN,gadm_CHN.8.1_1,5539799.039800001,5216774.203800001,323024.83600000007,0.9416901527150592,19.642467047011536,480,0.9927777560890025,252,2025-07-31T00:00:00
CHN,gadm_CHN.19.3_1,4882463.1432,4681792.7544,200670.3888,0.9588997637228494,19.64171397338611,481,0.9869197995194573,261,2025-07-31T00:00:00
CHN,ghs-fua_8973,7905374.897,7067083.9486,838290.9484000002,0.8939593682371569,19.637420231564064,482,1.0084063329824122,219,2025-07-31T00:00:00
IRN,gadm_IRN.9.5_1,3781020.321199999,3757877.0831999993,23143.23799999999,0.9938791024554308,19.6335336888647,483,0.8963606931389382,59,2025-07-31T00:00:00
CHN,gadm_CHN.19.2_1,7184114.090800001,6507496.069400001,676618.0213999999,0.9058174727115652,19.631460409052004,484,1.0038983954190264,231,2025-07-31T00:00:00
NGA,ghs-fua_6152,3875483.995000001,3837180.420200001,38303.57479999999,0.990116440978877,19.631274555042697,485,1.072138564152351,5,2025-07-31T00:00:00
IND,gadm_IND.34.39_1,3772205.2583999992,3748899.076199999,23306.182200000007,0.9938216028546958,19.629985470274047,486,1.1457577187308552,31,2025-07-31T00:00:00
IRN,gadm_IRN.20.2_1,3866538.360200001,3828062.282600001,38476.0776,0.9900489600734208,19.627669924987973,487,0.8972472459622783,58,2025-07-31T00:00:00
IND,gadm_IND.2.3_1,4707336.017999999,4530190.247599999,177145.77040000007,0.9623681484128972,19.62710304090555,488,1.1455894778677809,32,2025-07-31T00:00:00
TKM,gadm_TKM.2.1_1,6664208.581200002,6099214.488200001,564994.093,0.9152196264393838,19.62668562508869,489,1.1272246828362336,8,2025-07-31T00:00:00
IND,gadm_IND.34.1_1,3894445.2672000015,3850424.3250000016,44020.942200000005,0.9886964794265424,19.62466170505924,490,1.145446982632919,33,2025-07-31T00:00:00
CHN,gadm_CHN.26.8_1,6974147.638,6334172.180600001,639975.4574000001,0.9082360324704098,19.61744247594642,491,1.001869362413706,235,2025-07-31T00:00:00
IRN,gadm_IRN.13.4_1,3620424.0562,3613371.5698,7052.486400000001,0.9980520275275704,19.615081507095162,492,0.8932700066414254,61,2025-07-31T00:00:00
IRN,gadm_IRN.13.5_1,3685836.5602,3666109.937,19726.6232,0.9946479929650138,19.607457416271217,493,0.8938515572764382,60,2025-07-31T00:00:00
IND,gadm_IND.29.25_1,3890844.5686,3838605.7384,52238.83020000001,0.9865739097825754,19.604140580433345,494,1.1442492111433393,34,2025-07-31T00:00:00
IND,gadm_IND.2.1_1,4168535.111200003,4071774.268600003,96760.84259999996,0.9767878067429436,19.60370299525348,495,1.1442236702891095,35,2025-07-31T00:00:00
CHN,gadm_CHN.31.5_1,5056004.248200001,4802750.812400001,253253.4358,0.9499103593731826,19.603000590762445,496,0.9865902499257778,263,2025-07-31T00:00:00
JPN,ghs-fua_4822,7007802.647000001,6348580.674400001,659221.9726000001,0.9059302885930716,19.60162909559349,497,1.0443841418901987,10,2025-07-31T00:00:00
IND,gadm_IND.5.32_1,3603122.2586,3591230.7265999997,11891.532,0.9966996590327688,19.59660931329837,498,1.1438096281663275,36,2025-07-31T00:00:00
IND,gadm_IND.34.15_1,4184301.5088,4080311.4956,103990.01319999996,0.9751475812674352,19.59355308945555,499,1.1436312433140623,37,2025-07-31T00:00:00
TKM,gadm_TKM.2.4_1,7544003.197999999,6751232.146399999,792771.0516000004,0.8949137439641897,19.588638563132854,500,1.1294096437405559,7,2025-07-31T00:00:00
